month,line,station,dpea
2021-01-01,1,Parada Inglesa ,7000.0
2021-01-01,1,Jardim São Paulo-Ayrton Senna,6000.0
2021-01-01,1,Santana ,33000.0
2021-01-01,1,Carandiru ,6000.0
2021-01-01,1,Portuguesa-Tietê ,31000.0
2021-01-01,1,Armênia ,14000.0
2021-01-01,1,Tiradentes ,7000.0
2021-01-01,1,Luz,70000.0
2021-01-01,1,São Bento,36000.0
2021-01-01,1,Sé,119000.0
2021-01-01,1,Japão-Liberdade ,12000.0
2021-01-01,1,São Joaquim ,12000.0
2021-01-01,1,Tucuruvi ,36000.0
2021-01-01,1,Paraíso,49000.0
2021-01-01,1,Jabaquara,46000.0
2021-01-01,1,Conceição ,15000.0
2021-01-01,1,São Judas ,9000.0
2021-01-01,1,Saúde ,16000.0
2021-01-01,1,Vergueiro ,15000.0
2021-01-01,1,Santa Cruz,60000.0
2021-01-01,1,Vila Mariana ,10000.0
2021-01-01,1,Ana Rosa,40000.0
2021-01-01,1,Praça da Árvore ,9000.0
2021-02-01,1,Tiradentes ,9000.0
2021-02-01,1,Jabaquara,48000.0
2021-02-01,1,Tucuruvi ,37000.0
2021-02-01,1,Parada Inglesa ,7000.0
2021-02-01,1,Jardim São Paulo-Ayrton Senna,6000.0
2021-02-01,1,Santana ,35000.0
2021-02-01,1,Carandiru ,6000.0
2021-02-01,1,Portuguesa-Tietê ,29000.0
2021-02-01,1,Armênia ,15000.0
2021-02-01,1,Luz,74000.0
2021-02-01,1,São Bento,36000.0
2021-02-01,1,São Judas ,9000.0
2021-02-01,1,Japão-Liberdade ,12000.0
2021-02-01,1,São Joaquim ,14000.0
2021-02-01,1,Vergueiro ,17000.0
2021-02-01,1,Paraíso,53000.0
2021-02-01,1,Ana Rosa,43000.0
2021-02-01,1,Vila Mariana ,10000.0
2021-02-01,1,Santa Cruz,65000.0
2021-02-01,1,Praça da Árvore ,10000.0
2021-02-01,1,Saúde ,17000.0
2021-02-01,1,Sé,125000.0
2021-02-01,1,Conceição ,16000.0
2021-03-01,1,Tiradentes ,7000.0
2021-03-01,1,Armênia ,12000.0
2021-03-01,1,Portuguesa-Tietê ,23000.0
2021-03-01,1,Luz,57000.0
2021-03-01,1,Santana ,28000.0
2021-03-01,1,Jardim São Paulo-Ayrton Senna,5000.0
2021-03-01,1,Parada Inglesa ,6000.0
2021-03-01,1,Tucuruvi ,30000.0
2021-03-01,1,Carandiru ,5000.0
2021-03-01,1,São Bento,23000.0
2021-03-01,1,Ana Rosa,35000.0
2021-03-01,1,Japão-Liberdade ,9000.0
2021-03-01,1,Sé,100000.0
2021-03-01,1,Jabaquara,40000.0
2021-03-01,1,São Judas ,7000.0
2021-03-01,1,Saúde ,13000.0
2021-03-01,1,Praça da Árvore ,8000.0
2021-03-01,1,Conceição ,12000.0
2021-03-01,1,Vila Mariana ,8000.0
2021-03-01,1,Paraíso,43000.0
2021-03-01,1,Vergueiro ,14000.0
2021-03-01,1,São Joaquim ,12000.0
2021-03-01,1,Santa Cruz,52000.0
2021-04-01,1,Parada Inglesa ,5000.0
2021-04-01,1,Jardim São Paulo-Ayrton Senna,4000.0
2021-04-01,1,Santana ,27000.0
2021-04-01,1,Carandiru ,5000.0
2021-04-01,1,Portuguesa-Tietê ,22000.0
2021-04-01,1,Armênia ,12000.0
2021-04-01,1,Tiradentes ,7000.0
2021-04-01,1,Luz,58000.0
2021-04-01,1,São Bento,23000.0
2021-04-01,1,Sé,96000.0
2021-04-01,1,São Joaquim ,11000.0
2021-04-01,1,Vergueiro ,13000.0
2021-04-01,1,Paraíso,42000.0
2021-04-01,1,Ana Rosa,33000.0
2021-04-01,1,Praça da Árvore ,8000.0
2021-04-01,1,Saúde ,13000.0
2021-04-01,1,São Judas ,7000.0
2021-04-01,1,Conceição ,12000.0
2021-04-01,1,Jabaquara,39000.0
2021-04-01,1,Tucuruvi ,29000.0
2021-04-01,1,Japão-Liberdade ,9000.0
2021-04-01,1,Vila Mariana ,8000.0
2021-04-01,1,Santa Cruz,50000.0
2021-05-01,1,São Joaquim ,13000.0
2021-05-01,1,Parada Inglesa ,6000.0
2021-05-01,1,Jardim São Paulo-Ayrton Senna,5000.0
2021-05-01,1,Santana ,32000.0
2021-05-01,1,Carandiru ,6000.0
2021-05-01,1,Portuguesa-Tietê ,26000.0
2021-05-01,1,Armênia ,14000.0
2021-05-01,1,Tiradentes ,8000.0
2021-05-01,1,Luz,68000.0
2021-05-01,1,São Bento,31000.0
2021-05-01,1,Sé,111000.0
2021-05-01,1,Tucuruvi ,34000.0
2021-05-01,1,Vergueiro ,15000.0
2021-05-01,1,Paraíso,48000.0
2021-05-01,1,Ana Rosa,39000.0
2021-05-01,1,Vila Mariana ,9000.0
2021-05-01,1,Santa Cruz,58000.0
2021-05-01,1,Praça da Árvore ,9000.0
2021-05-01,1,Saúde ,15000.0
2021-05-01,1,São Judas ,8000.0
2021-05-01,1,Conceição ,14000.0
2021-05-01,1,Jabaquara,45000.0
2021-05-01,1,Japão-Liberdade ,11000.0
2021-06-01,1,São Bento,33000.0
2021-06-01,1,Luz,69000.0
2021-06-01,1,Tiradentes ,8000.0
2021-06-01,1,Jardim São Paulo-Ayrton Senna,6000.0
2021-06-01,1,Portuguesa-Tietê ,27000.0
2021-06-01,1,Carandiru ,6000.0
2021-06-01,1,Santana ,32000.0
2021-06-01,1,Sé,116000.0
2021-06-01,1,Armênia ,14000.0
2021-06-01,1,Japão-Liberdade ,12000.0
2021-06-01,1,Santa Cruz,61000.0
2021-06-01,1,Vergueiro ,16000.0
2021-06-01,1,Paraíso,50000.0
2021-06-01,1,Ana Rosa,41000.0
2021-06-01,1,Vila Mariana ,10000.0
2021-06-01,1,Praça da Árvore ,9000.0
2021-06-01,1,Saúde ,16000.0
2021-06-01,1,São Judas ,9000.0
2021-06-01,1,Conceição ,15000.0
2021-06-01,1,Jabaquara,46000.0
2021-06-01,1,Parada Inglesa ,7000.0
2021-06-01,1,São Joaquim ,14000.0
2021-06-01,1,Tucuruvi ,35000.0
2021-07-01,1,São Joaquim ,13000.0
2021-07-01,1,Conceição ,15000.0
2021-07-01,1,Tucuruvi ,36000.0
2021-07-01,1,Parada Inglesa ,7000.0
2021-07-01,1,Jardim São Paulo-Ayrton Senna,6000.0
2021-07-01,1,Santana ,33000.0
2021-07-01,1,Carandiru ,6000.0
2021-07-01,1,Armênia ,15000.0
2021-07-01,1,Tiradentes ,8000.0
2021-07-01,1,Luz,69000.0
2021-07-01,1,São Bento,36000.0
2021-07-01,1,Sé,119000.0
2021-07-01,1,Portuguesa-Tietê ,29000.0
2021-07-01,1,Jabaquara,48000.0
2021-07-01,1,Vergueiro ,15000.0
2021-07-01,1,Paraíso,52000.0
2021-07-01,1,Ana Rosa,42000.0
2021-07-01,1,Vila Mariana ,10000.0
2021-07-01,1,Santa Cruz,63000.0
2021-07-01,1,Praça da Árvore ,10000.0
2021-07-01,1,Saúde ,16000.0
2021-07-01,1,São Judas ,9000.0
2021-07-01,1,Japão-Liberdade ,12000.0
2021-08-01,1,Sé,127000.0
2021-08-01,1,São Bento,36000.0
2021-08-01,1,Luz,74000.0
2021-08-01,1,Tiradentes ,9000.0
2021-08-01,1,Jardim São Paulo-Ayrton Senna,7000.0
2021-08-01,1,Portuguesa-Tietê ,31000.0
2021-08-01,1,Carandiru ,7000.0
2021-08-01,1,Santana ,36000.0
2021-08-01,1,Japão-Liberdade ,13000.0
2021-08-01,1,Armênia ,15000.0
2021-08-01,1,Tucuruvi ,40000.0
2021-08-01,1,Parada Inglesa ,8000.0
2021-08-01,1,Vergueiro ,17000.0
2021-08-01,1,Jabaquara,51000.0
2021-08-01,1,Conceição ,16000.0
2021-08-01,1,São Judas ,10000.0
2021-08-01,1,Saúde ,18000.0
2021-08-01,1,São Joaquim ,15000.0
2021-08-01,1,Santa Cruz,68000.0
2021-08-01,1,Vila Mariana ,11000.0
2021-08-01,1,Ana Rosa,47000.0
2021-08-01,1,Paraíso,58000.0
2021-08-01,1,Praça da Árvore ,11000.0
2021-09-01,1,Jabaquara,55000.0
2021-09-01,1,Tucuruvi ,42000.0
2021-09-01,1,Parada Inglesa ,8000.0
2021-09-01,1,Jardim São Paulo-Ayrton Senna,7000.0
2021-09-01,1,Santana ,39000.0
2021-09-01,1,Carandiru ,7000.0
2021-09-01,1,Portuguesa-Tietê ,34000.0
2021-09-01,1,Armênia ,16000.0
2021-09-01,1,Tiradentes ,10000.0
2021-09-01,1,São Bento,39000.0
2021-09-01,1,Luz,89000.0
2021-09-01,1,Japão-Liberdade ,14000.0
2021-09-01,1,São Joaquim ,17000.0
2021-09-01,1,Vergueiro ,18000.0
2021-09-01,1,Paraíso,62000.0
2021-09-01,1,Ana Rosa,51000.0
2021-09-01,1,Vila Mariana ,13000.0
2021-09-01,1,Santa Cruz,72000.0
2021-09-01,1,Praça da Árvore ,11000.0
2021-09-01,1,Saúde ,19000.0
2021-09-01,1,São Judas ,10000.0
2021-09-01,1,Conceição ,18000.0
2021-09-01,1,Sé,136000.0
2021-10-01,1,Luz,96000.0
2021-10-01,1,Tiradentes ,10000.0
2021-10-01,1,Armênia ,17000.0
2021-10-01,1,Tucuruvi ,44000.0
2021-10-01,1,Carandiru ,8000.0
2021-10-01,1,Jardim São Paulo-Ayrton Senna,8000.0
2021-10-01,1,Parada Inglesa ,9000.0
2021-10-01,1,São Bento,43000.0
2021-10-01,1,Portuguesa-Tietê ,36000.0
2021-10-01,1,Sé,142000.0
2021-10-01,1,Santana ,40000.0
2021-10-01,1,São Joaquim ,18000.0
2021-10-01,1,Japão-Liberdade ,15000.0
2021-10-01,1,Jabaquara,57000.0
2021-10-01,1,Conceição ,19000.0
2021-10-01,1,São Judas ,11000.0
2021-10-01,1,Saúde ,20000.0
2021-10-01,1,Paraíso,65000.0
2021-10-01,1,Santa Cruz,76000.0
2021-10-01,1,Vila Mariana ,13000.0
2021-10-01,1,Ana Rosa,53000.0
2021-10-01,1,Vergueiro ,19000.0
2021-10-01,1,Praça da Árvore ,12000.0
2021-11-01,1,Tucuruvi ,47000.0
2021-11-01,1,Parada Inglesa ,9000.0
2021-11-01,1,Jardim São Paulo-Ayrton Senna,9000.0
2021-11-01,1,Santana ,43000.0
2021-11-01,1,Carandiru ,9000.0
2021-11-01,1,Portuguesa-Tietê ,41000.0
2021-11-01,1,Armênia ,18000.0
2021-11-01,1,Tiradentes ,11000.0
2021-11-01,1,Luz,106000.0
2021-11-01,1,São Bento,46000.0
2021-11-01,1,Japão-Liberdade ,16000.0
2021-11-01,1,São Joaquim ,18000.0
2021-11-01,1,Vergueiro ,20000.0
2021-11-01,1,Paraíso,69000.0
2021-11-01,1,Vila Mariana ,14000.0
2021-11-01,1,Santa Cruz,81000.0
2021-11-01,1,Praça da Árvore ,13000.0
2021-11-01,1,Saúde ,21000.0
2021-11-01,1,São Judas ,12000.0
2021-11-01,1,Conceição ,20000.0
2021-11-01,1,Jabaquara,61000.0
2021-11-01,1,Sé,151000.0
2021-11-01,1,Ana Rosa,57000.0
2021-12-01,1,Parada Inglesa ,9000.0
2021-12-01,1,Tucuruvi ,45000.0
2021-12-01,1,Jabaquara,59000.0
2021-12-01,1,Jardim São Paulo-Ayrton Senna,8000.0
2021-12-01,1,Santana ,40000.0
2021-12-01,1,Carandiru ,8000.0
2021-12-01,1,Portuguesa-Tietê ,41000.0
2021-12-01,1,Armênia ,16000.0
2021-12-01,1,Luz,99000.0
2021-12-01,1,São Bento,48000.0
2021-12-01,1,Sé,144000.0
2021-12-01,1,Japão-Liberdade ,16000.0
2021-12-01,1,Tiradentes ,10000.0
2021-12-01,1,Vergueiro ,18000.0
2021-12-01,1,Paraíso,65000.0
2021-12-01,1,Ana Rosa,53000.0
2021-12-01,1,Vila Mariana ,12000.0
2021-12-01,1,Santa Cruz,77000.0
2021-12-01,1,Praça da Árvore ,12000.0
2021-12-01,1,Saúde ,20000.0
2021-12-01,1,São Judas ,11000.0
2021-12-01,1,Conceição ,19000.0
2021-12-01,1,São Joaquim ,15000.0
2022-01-01,1,São Bento,38000.0
2022-01-01,1,Luz,86000.0
2022-01-01,1,Tiradentes ,8000.0
2022-01-01,1,Armênia ,15000.0
2022-01-01,1,Tucuruvi ,39000.0
2022-01-01,1,Santana ,35000.0
2022-01-01,1,Jardim São Paulo-Ayrton Senna,7000.0
2022-01-01,1,Parada Inglesa ,7000.0
2022-01-01,1,Sé,125000.0
2022-01-01,1,Carandiru ,7000.0
2022-01-01,1,Japão-Liberdade ,14000.0
2022-01-01,1,Portuguesa-Tietê ,35000.0
2022-01-01,1,Vergueiro ,16000.0
2022-01-01,1,Conceição ,16000.0
2022-01-01,1,São Judas ,10000.0
2022-01-01,1,Saúde ,18000.0
2022-01-01,1,Praça da Árvore ,10000.0
2022-01-01,1,Jabaquara,53000.0
2022-01-01,1,Santa Cruz,66000.0
2022-01-01,1,Vila Mariana ,11000.0
2022-01-01,1,Ana Rosa,46000.0
2022-01-01,1,Paraíso,57000.0
2022-01-01,1,São Joaquim ,14000.0
2022-02-01,1,Sé,145000.0
2022-02-01,1,Parada Inglesa ,9000.0
2022-02-01,1,Jardim São Paulo-Ayrton Senna,8000.0
2022-02-01,1,Santana ,38000.0
2022-02-01,1,Carandiru ,9000.0
2022-02-01,1,Portuguesa-Tietê ,36000.0
2022-02-01,1,Armênia ,17000.0
2022-02-01,1,Tiradentes ,13000.0
2022-02-01,1,Luz,100000.0
2022-02-01,1,São Bento,42000.0
2022-02-01,1,Tucuruvi ,46000.0
2022-02-01,1,Japão-Liberdade ,16000.0
2022-02-01,1,Vergueiro ,21000.0
2022-02-01,1,Paraíso,69000.0
2022-02-01,1,Ana Rosa,57000.0
2022-02-01,1,Vila Mariana ,15000.0
2022-02-01,1,Santa Cruz,77000.0
2022-02-01,1,Praça da Árvore ,12000.0
2022-02-01,1,Saúde ,22000.0
2022-02-01,1,São Judas ,11000.0
2022-02-01,1,Conceição ,20000.0
2022-02-01,1,Jabaquara,58000.0
2022-02-01,1,São Joaquim ,18000.0
2022-03-01,1,Luz,108000.0
2022-03-01,1,Tiradentes ,15000.0
2022-03-01,1,Armênia ,19000.0
2022-03-01,1,Portuguesa-Tietê ,40000.0
2022-03-01,1,São Bento,44000.0
2022-03-01,1,Santana ,45000.0
2022-03-01,1,Jardim São Paulo-Ayrton Senna,10000.0
2022-03-01,1,Parada Inglesa ,10000.0
2022-03-01,1,Tucuruvi ,50000.0
2022-03-01,1,Carandiru ,10000.0
2022-03-01,1,Sé,164000.0
2022-03-01,1,Vila Mariana ,18000.0
2022-03-01,1,São Joaquim ,23000.0
2022-03-01,1,Conceição ,22000.0
2022-03-01,1,São Judas ,13000.0
2022-03-01,1,Saúde ,24000.0
2022-03-01,1,Praça da Árvore ,14000.0
2022-03-01,1,Jabaquara,63000.0
2022-03-01,1,Japão-Liberdade ,18000.0
2022-03-01,1,Ana Rosa,65000.0
2022-03-01,1,Paraíso,80000.0
2022-03-01,1,Vergueiro ,23000.0
2022-03-01,1,Santa Cruz,84000.0
2022-04-01,1,Sé,168000.0
2022-04-01,1,Parada Inglesa ,11000.0
2022-04-01,1,Jardim São Paulo-Ayrton Senna,10000.0
2022-04-01,1,Santana ,47000.0
2022-04-01,1,Carandiru ,10000.0
2022-04-01,1,Portuguesa-Tietê ,43000.0
2022-04-01,1,Armênia ,21000.0
2022-04-01,1,Tiradentes ,15000.0
2022-04-01,1,Luz,114000.0
2022-04-01,1,São Bento,47000.0
2022-04-01,1,Japão-Liberdade ,20000.0
2022-04-01,1,Tucuruvi ,53000.0
2022-04-01,1,Vergueiro ,24000.0
2022-04-01,1,Jabaquara,66000.0
2022-04-01,1,Conceição ,24000.0
2022-04-01,1,São Judas ,14000.0
2022-04-01,1,Saúde ,25000.0
2022-04-01,1,São Joaquim ,24000.0
2022-04-01,1,Santa Cruz,89000.0
2022-04-01,1,Vila Mariana ,19000.0
2022-04-01,1,Ana Rosa,68000.0
2022-04-01,1,Paraíso,84000.0
2022-04-01,1,Praça da Árvore ,14000.0
2022-05-01,1,Sé,165000.0
2022-05-01,1,Parada Inglesa ,11000.0
2022-05-01,1,Jardim São Paulo-Ayrton Senna,10000.0
2022-05-01,1,Santana ,47000.0
2022-05-01,1,Carandiru ,10000.0
2022-05-01,1,Portuguesa-Tietê ,42000.0
2022-05-01,1,Armênia ,21000.0
2022-05-01,1,Tiradentes ,15000.0
2022-05-01,1,Luz,115000.0
2022-05-01,1,São Bento,46000.0
2022-05-01,1,Tucuruvi ,52000.0
2022-05-01,1,Japão-Liberdade ,19000.0
2022-05-01,1,Vergueiro ,24000.0
2022-05-01,1,Paraíso,84000.0
2022-05-01,1,Ana Rosa,68000.0
2022-05-01,1,Vila Mariana ,19000.0
2022-05-01,1,Santa Cruz,88000.0
2022-05-01,1,Praça da Árvore ,14000.0
2022-05-01,1,Saúde ,25000.0
2022-05-01,1,São Judas ,13000.0
2022-05-01,1,Conceição ,23000.0
2022-05-01,1,Jabaquara,66000.0
2022-05-01,1,São Joaquim ,24000.0
2022-06-01,1,São Bento,46000.0
2022-06-01,1,Luz,111000.0
2022-06-01,1,Tiradentes ,14000.0
2022-06-01,1,Armênia ,20000.0
2022-06-01,1,Sé,161000.0
2022-06-01,1,Carandiru ,10000.0
2022-06-01,1,Santana ,43000.0
2022-06-01,1,Jardim São Paulo-Ayrton Senna,10000.0
2022-06-01,1,Parada Inglesa ,11000.0
2022-06-01,1,Portuguesa-Tietê ,41000.0
2022-06-01,1,Japão-Liberdade ,18000.0
2022-06-01,1,Tucuruvi ,51000.0
2022-06-01,1,Vergueiro ,22000.0
2022-06-01,1,Jabaquara,64000.0
2022-06-01,1,Conceição ,22000.0
2022-06-01,1,São Judas ,13000.0
2022-06-01,1,Saúde ,24000.0
2022-06-01,1,São Joaquim ,22000.0
2022-06-01,1,Santa Cruz,86000.0
2022-06-01,1,Vila Mariana ,17000.0
2022-06-01,1,Ana Rosa,66000.0
2022-06-01,1,Paraíso,81000.0
2022-06-01,1,Praça da Árvore ,14000.0
2022-07-01,1,Tucuruvi ,49000.0
2022-07-01,1,Parada Inglesa ,10000.0
2022-07-01,1,Jardim São Paulo-Ayrton Senna,9000.0
2022-07-01,1,Santana ,44000.0
2022-07-01,1,Carandiru ,9000.0
2022-07-01,1,Portuguesa-Tietê ,44000.0
2022-07-01,1,Armênia ,19000.0
2022-07-01,1,Tiradentes ,12000.0
2022-07-01,1,São Bento,46000.0
2022-07-01,1,Sé,155000.0
2022-07-01,1,Japão-Liberdade ,20000.0
2022-07-01,1,Luz,111000.0
2022-07-01,1,Vergueiro ,21000.0
2022-07-01,1,São Joaquim ,18000.0
2022-07-01,1,Conceição ,21000.0
2022-07-01,1,São Judas ,13000.0
2022-07-01,1,Saúde ,23000.0
2022-07-01,1,Praça da Árvore ,13000.0
2022-07-01,1,Jabaquara,64000.0
2022-07-01,1,Vila Mariana ,14000.0
2022-07-01,1,Ana Rosa,62000.0
2022-07-01,1,Paraíso,77000.0
2022-07-01,1,Santa Cruz,84000.0
2022-08-01,1,Sé,165000.0
2022-08-01,1,Tucuruvi ,53000.0
2022-08-01,1,Parada Inglesa ,11000.0
2022-08-01,1,Jardim São Paulo-Ayrton Senna,10000.0
2022-08-01,1,Santana ,47000.0
2022-08-01,1,Carandiru ,10000.0
2022-08-01,1,Portuguesa-Tietê ,42000.0
2022-08-01,1,Armênia ,20000.0
2022-08-01,1,Tiradentes ,15000.0
2022-08-01,1,São Bento,46000.0
2022-08-01,1,Japão-Liberdade ,20000.0
2022-08-01,1,Luz,117000.0
2022-08-01,1,Vergueiro ,25000.0
2022-08-01,1,Conceição ,23000.0
2022-08-01,1,São Judas ,13000.0
2022-08-01,1,Saúde ,25000.0
2022-08-01,1,Praça da Árvore ,15000.0
2022-08-01,1,Jabaquara,66000.0
2022-08-01,1,Vila Mariana ,19000.0
2022-08-01,1,Ana Rosa,70000.0
2022-08-01,1,Paraíso,87000.0
2022-08-01,1,Santa Cruz,89000.0
2022-08-01,1,São Joaquim ,25000.0
2022-09-01,1,Tucuruvi ,54000.0
2022-09-01,1,Sé,168000.0
2022-09-01,1,Parada Inglesa ,11000.0
2022-09-01,1,Jardim São Paulo-Ayrton Senna,11000.0
2022-09-01,1,Santana ,48000.0
2022-09-01,1,Carandiru ,11000.0
2022-09-01,1,Portuguesa-Tietê ,44000.0
2022-09-01,1,Armênia ,21000.0
2022-09-01,1,Tiradentes ,16000.0
2022-09-01,1,Luz,119000.0
2022-09-01,1,São Bento,47000.0
2022-09-01,1,Japão-Liberdade ,20000.0
2022-09-01,1,Vergueiro ,25000.0
2022-09-01,1,Paraíso,89000.0
2022-09-01,1,Ana Rosa,71000.0
2022-09-01,1,Vila Mariana ,19000.0
2022-09-01,1,Santa Cruz,90000.0
2022-09-01,1,Praça da Árvore ,14000.0
2022-09-01,1,Saúde ,26000.0
2022-09-01,1,São Judas ,14000.0
2022-09-01,1,Conceição ,24000.0
2022-09-01,1,Jabaquara,67000.0
2022-09-01,1,São Joaquim ,28000.0
2022-10-01,1,Tucuruvi ,55000.0
2022-10-01,1,Luz,127000.0
2022-10-01,1,Tiradentes ,15000.0
2022-10-01,1,Armênia ,20000.0
2022-10-01,1,São Bento,52000.0
2022-10-01,1,Carandiru ,10000.0
2022-10-01,1,Santana ,48000.0
2022-10-01,1,Jardim São Paulo-Ayrton Senna,11000.0
2022-10-01,1,Parada Inglesa ,12000.0
2022-10-01,1,Portuguesa-Tietê ,44000.0
2022-10-01,1,Sé,170000.0
2022-10-01,1,Paraíso,89000.0
2022-10-01,1,São Joaquim ,29000.0
2022-10-01,1,Japão-Liberdade ,21000.0
2022-10-01,1,Jabaquara,69000.0
2022-10-01,1,Conceição ,24000.0
2022-10-01,1,São Judas ,15000.0
2022-10-01,1,Saúde ,26000.0
2022-10-01,1,Santa Cruz,91000.0
2022-10-01,1,Vila Mariana ,19000.0
2022-10-01,1,Ana Rosa,71000.0
2022-10-01,1,Praça da Árvore ,15000.0
2022-10-01,1,Vergueiro ,25000.0
2022-11-01,1,Tiradentes ,15000.0
2022-11-01,1,Tucuruvi ,55000.0
2022-11-01,1,Parada Inglesa ,12000.0
2022-11-01,1,Jardim São Paulo-Ayrton Senna,11000.0
2022-11-01,1,Santana ,49000.0
2022-11-01,1,Carandiru ,11000.0
2022-11-01,1,Portuguesa-Tietê ,43000.0
2022-11-01,1,Armênia ,21000.0
2022-11-01,1,Luz,126000.0
2022-11-01,1,São Bento,53000.0
2022-11-01,1,Sé,173000.0
2022-11-01,1,Japão-Liberdade ,20000.0
2022-11-01,1,Vergueiro ,25000.0
2022-11-01,1,Paraíso,90000.0
2022-11-01,1,Ana Rosa,72000.0
2022-11-01,1,Vila Mariana ,19000.0
2022-11-01,1,Santa Cruz,91000.0
2022-11-01,1,Praça da Árvore ,15000.0
2022-11-01,1,Saúde ,27000.0
2022-11-01,1,São Judas ,14000.0
2022-11-01,1,Conceição ,25000.0
2022-11-01,1,Jabaquara,69000.0
2022-11-01,1,São Joaquim ,28000.0
2022-12-01,1,Luz,113000.0
2022-12-01,1,Tiradentes ,11000.0
2022-12-01,1,Armênia ,17000.0
2022-12-01,1,Portuguesa-Tietê ,44000.0
2022-12-01,1,Paraíso,75000.0
2022-12-01,1,Santana ,43000.0
2022-12-01,1,Jardim São Paulo-Ayrton Senna,9000.0
2022-12-01,1,Parada Inglesa ,10000.0
2022-12-01,1,São Bento,52000.0
2022-12-01,1,Tucuruvi ,49000.0
2022-12-01,1,Carandiru ,9000.0
2022-12-01,1,Sé,154000.0
2022-12-01,1,Santa Cruz,82000.0
2022-12-01,1,São Joaquim ,19000.0
2022-12-01,1,Vergueiro ,21000.0
2022-12-01,1,Ana Rosa,60000.0
2022-12-01,1,Vila Mariana ,14000.0
2022-12-01,1,Praça da Árvore ,13000.0
2022-12-01,1,Saúde ,23000.0
2022-12-01,1,São Judas ,13000.0
2022-12-01,1,Conceição ,21000.0
2022-12-01,1,Jabaquara,64000.0
2022-12-01,1,Japão-Liberdade ,20000.0
2023-01-01,1,Luz,108000.0
2023-01-01,1,Tiradentes ,10000.0
2023-01-01,1,Armênia ,17000.0
2023-01-01,1,Parada Inglesa ,9000.0
2023-01-01,1,Carandiru ,8000.0
2023-01-01,1,Santana ,41000.0
2023-01-01,1,Jardim São Paulo-Ayrton Senna,8000.0
2023-01-01,1,São Bento,48000.0
2023-01-01,1,Portuguesa-Tietê ,43000.0
2023-01-01,1,Sé,144000.0
2023-01-01,1,Ana Rosa,59000.0
2023-01-01,1,São Joaquim ,17000.0
2023-01-01,1,Vergueiro ,21000.0
2023-01-01,1,Paraíso,73000.0
2023-01-01,1,Vila Mariana ,13000.0
2023-01-01,1,Santa Cruz,76000.0
2023-01-01,1,Praça da Árvore ,12000.0
2023-01-01,1,Saúde ,21000.0
2023-01-01,1,São Judas ,12000.0
2023-01-01,1,Conceição ,20000.0
2023-01-01,1,Japão-Liberdade ,19000.0
2023-01-01,1,Tucuruvi ,47000.0
2023-01-01,1,Jabaquara,63000.0
2023-02-01,1,Armênia ,20000.0
2023-02-01,1,Tucuruvi ,54000.0
2023-02-01,1,Parada Inglesa ,11000.0
2023-02-01,1,Jardim São Paulo-Ayrton Senna,11000.0
2023-02-01,1,Santana ,47000.0
2023-02-01,1,Carandiru ,10000.0
2023-02-01,1,Portuguesa-Tietê ,43000.0
2023-02-01,1,Tiradentes ,15000.0
2023-02-01,1,Luz,122000.0
2023-02-01,1,São Bento,51000.0
2023-02-01,1,Japão-Liberdade ,20000.0
2023-02-01,1,Sé,164000.0
2023-02-01,1,Vergueiro ,25000.0
2023-02-01,1,Paraíso,87000.0
2023-02-01,1,Ana Rosa,70000.0
2023-02-01,1,Vila Mariana ,19000.0
2023-02-01,1,Santa Cruz,88000.0
2023-02-01,1,Praça da Árvore ,15000.0
2023-02-01,1,Saúde ,26000.0
2023-02-01,1,São Judas ,14000.0
2023-02-01,1,Conceição ,24000.0
2023-02-01,1,Jabaquara,66000.0
2023-02-01,1,São Joaquim ,24000.0
2023-03-01,1,Armênia ,21000.0
2023-03-01,1,São Bento,51000.0
2023-03-01,1,Luz,127000.0
2023-03-01,1,Tiradentes ,16000.0
2023-03-01,1,Portuguesa-Tietê ,44000.0
2023-03-01,1,Tucuruvi ,56000.0
2023-03-01,1,Santana ,50000.0
2023-03-01,1,Jardim São Paulo-Ayrton Senna,11000.0
2023-03-01,1,Parada Inglesa ,12000.0
2023-03-01,1,Sé,172000.0
2023-03-01,1,Carandiru ,11000.0
2023-03-01,1,Japão-Liberdade ,22000.0
2023-03-01,1,Praça da Árvore ,15000.0
2023-03-01,1,Vergueiro ,26000.0
2023-03-01,1,Paraíso,94000.0
2023-03-01,1,Ana Rosa,75000.0
2023-03-01,1,Vila Mariana ,21000.0
2023-03-01,1,Santa Cruz,91000.0
2023-03-01,1,Saúde ,27000.0
2023-03-01,1,São Judas ,15000.0
2023-03-01,1,Conceição ,26000.0
2023-03-01,1,Jabaquara,70000.0
2023-03-01,1,São Joaquim ,33000.0
2023-04-01,1,Tiradentes ,16000.0
2023-04-01,1,Armênia ,21000.0
2023-04-01,1,Portuguesa-Tietê ,45000.0
2023-04-01,1,Carandiru ,11000.0
2023-04-01,1,Jabaquara,72000.0
2023-04-01,1,Jardim São Paulo-Ayrton Senna,11000.0
2023-04-01,1,Parada Inglesa ,12000.0
2023-04-01,1,Tucuruvi ,56000.0
2023-04-01,1,Luz,130000.0
2023-04-01,1,Santana ,50000.0
2023-04-01,1,São Bento,51000.0
2023-04-01,1,Sé,171000.0
2023-04-01,1,Japão-Liberdade ,22000.0
2023-04-01,1,Conceição ,26000.0
2023-04-01,1,Saúde ,27000.0
2023-04-01,1,Praça da Árvore ,15000.0
2023-04-01,1,Santa Cruz,91000.0
2023-04-01,1,São Judas ,15000.0
2023-04-01,1,Ana Rosa,75000.0
2023-04-01,1,Paraíso,94000.0
2023-04-01,1,Vergueiro ,26000.0
2023-04-01,1,São Joaquim ,34000.0
2023-04-01,1,Vila Mariana ,21000.0
2023-05-01,1,São Bento,0.0
2023-05-01,1,Tucuruvi ,0.0
2023-05-01,1,Parada Inglesa ,0.0
2023-05-01,1,Jardim São Paulo-Ayrton Senna,0.0
2023-05-01,1,Santana ,0.0
2023-05-01,1,Portuguesa-Tietê ,0.0
2023-05-01,1,Armênia ,0.0
2023-05-01,1,Tiradentes ,0.0
2023-05-01,1,Luz,0.0
2023-05-01,1,Sé,0.0
2023-05-01,1,Carandiru ,0.0
2023-05-01,1,São Joaquim ,0.0
2023-05-01,1,Japão-Liberdade ,0.0
2023-05-01,1,Conceição ,0.0
2023-05-01,1,São Judas ,0.0
2023-05-01,1,Saúde ,0.0
2023-05-01,1,Praça da Árvore ,0.0
2023-05-01,1,Jabaquara,0.0
2023-05-01,1,Vila Mariana ,0.0
2023-05-01,1,Ana Rosa,0.0
2023-05-01,1,Paraíso,0.0
2023-05-01,1,Vergueiro ,0.0
2023-05-01,1,Santa Cruz,0.0
2023-06-01,1,Jardim São Paulo-Ayrton Senna,0.0
2023-06-01,1,Japão-Liberdade ,0.0
2023-06-01,1,Carandiru ,0.0
2023-06-01,1,Portuguesa-Tietê ,0.0
2023-06-01,1,Armênia ,0.0
2023-06-01,1,Tiradentes ,0.0
2023-06-01,1,Luz,0.0
2023-06-01,1,São Bento,0.0
2023-06-01,1,Sé,0.0
2023-06-01,1,Santana ,0.0
2023-06-01,1,Santa Cruz,0.0
2023-06-01,1,Paraíso,0.0
2023-06-01,1,Ana Rosa,0.0
2023-06-01,1,Vila Mariana ,0.0
2023-06-01,1,Praça da Árvore ,0.0
2023-06-01,1,Saúde ,0.0
2023-06-01,1,São Judas ,0.0
2023-06-01,1,Conceição ,0.0
2023-06-01,1,Jabaquara,0.0
2023-06-01,1,Parada Inglesa ,0.0
2023-06-01,1,Vergueiro ,0.0
2023-06-01,1,Tucuruvi ,0.0
2023-06-01,1,São Joaquim ,0.0
2023-07-01,1,Conceição ,0.0
2023-07-01,1,Jabaquara,0.0
2023-07-01,1,Parada Inglesa ,0.0
2023-07-01,1,Jardim São Paulo-Ayrton Senna,0.0
2023-07-01,1,Santana ,0.0
2023-07-01,1,Carandiru ,0.0
2023-07-01,1,Portuguesa-Tietê ,0.0
2023-07-01,1,Armênia ,0.0
2023-07-01,1,Tiradentes ,0.0
2023-07-01,1,Luz,0.0
2023-07-01,1,São Bento,0.0
2023-07-01,1,Tucuruvi ,0.0
2023-07-01,1,Japão-Liberdade ,0.0
2023-07-01,1,São Joaquim ,0.0
2023-07-01,1,Vergueiro ,0.0
2023-07-01,1,Paraíso,0.0
2023-07-01,1,Ana Rosa,0.0
2023-07-01,1,Vila Mariana ,0.0
2023-07-01,1,Santa Cruz,0.0
2023-07-01,1,Praça da Árvore ,0.0
2023-07-01,1,Saúde ,0.0
2023-07-01,1,São Judas ,0.0
2023-07-01,1,Sé,0.0
2023-08-01,1,Luz,0.0
2023-08-01,1,Tiradentes ,0.0
2023-08-01,1,Armênia ,0.0
2023-08-01,1,Tucuruvi ,0.0
2023-08-01,1,Carandiru ,0.0
2023-08-01,1,Jardim São Paulo-Ayrton Senna,0.0
2023-08-01,1,Parada Inglesa ,0.0
2023-08-01,1,Portuguesa-Tietê ,0.0
2023-08-01,1,Sé,0.0
2023-08-01,1,Santana ,0.0
2023-08-01,1,São Joaquim ,0.0
2023-08-01,1,Japão-Liberdade ,0.0
2023-08-01,1,Jabaquara,0.0
2023-08-01,1,Conceição ,0.0
2023-08-01,1,São Judas ,0.0
2023-08-01,1,Saúde ,0.0
2023-08-01,1,São Bento,0.0
2023-08-01,1,Santa Cruz,0.0
2023-08-01,1,Vila Mariana ,0.0
2023-08-01,1,Ana Rosa,0.0
2023-08-01,1,Paraíso,0.0
2023-08-01,1,Vergueiro ,0.0
2023-08-01,1,Praça da Árvore ,0.0
2023-09-01,1,Tucuruvi ,0.0
2023-09-01,1,Parada Inglesa ,0.0
2023-09-01,1,Jardim São Paulo-Ayrton Senna,0.0
2023-09-01,1,Santana ,0.0
2023-09-01,1,Carandiru ,0.0
2023-09-01,1,Portuguesa-Tietê ,0.0
2023-09-01,1,Armênia ,0.0
2023-09-01,1,Tiradentes ,0.0
2023-09-01,1,Luz,0.0
2023-09-01,1,São Bento,0.0
2023-09-01,1,São Joaquim ,0.0
2023-09-01,1,Japão-Liberdade ,0.0
2023-09-01,1,Vergueiro ,0.0
2023-09-01,1,Paraíso,0.0
2023-09-01,1,Ana Rosa,0.0
2023-09-01,1,Santa Cruz,0.0
2023-09-01,1,Praça da Árvore ,0.0
2023-09-01,1,Saúde ,0.0
2023-09-01,1,São Judas ,0.0
2023-09-01,1,Conceição ,0.0
2023-09-01,1,Jabaquara,0.0
2023-09-01,1,Sé,0.0
2023-09-01,1,Vila Mariana ,0.0
2023-10-01,1,Praça da Árvore ,0.0
2023-10-01,1,Jabaquara,0.0
2023-10-01,1,Tucuruvi ,0.0
2023-10-01,1,Parada Inglesa ,0.0
2023-10-01,1,Jardim São Paulo-Ayrton Senna,0.0
2023-10-01,1,Santana ,0.0
2023-10-01,1,Carandiru ,0.0
2023-10-01,1,Portuguesa-Tietê ,0.0
2023-10-01,1,Tiradentes ,0.0
2023-10-01,1,Luz,0.0
2023-10-01,1,São Bento,0.0
2023-10-01,1,Sé,0.0
2023-10-01,1,Armênia ,0.0
2023-10-01,1,São Joaquim ,0.0
2023-10-01,1,Japão-Liberdade ,0.0
2023-10-01,1,São Judas ,0.0
2023-10-01,1,Saúde ,0.0
2023-10-01,1,Santa Cruz,0.0
2023-10-01,1,Conceição ,0.0
2023-10-01,1,Ana Rosa,0.0
2023-10-01,1,Paraíso,0.0
2023-10-01,1,Vergueiro ,0.0
2023-10-01,1,Vila Mariana ,0.0
2023-11-01,1,Japão-Liberdade ,0.0
2023-11-01,1,Jardim São Paulo-Ayrton Senna,0.0
2023-11-01,1,Santana ,0.0
2023-11-01,1,Carandiru ,0.0
2023-11-01,1,Portuguesa-Tietê ,0.0
2023-11-01,1,Armênia ,0.0
2023-11-01,1,Tiradentes ,0.0
2023-11-01,1,Luz,0.0
2023-11-01,1,São Bento,0.0
2023-11-01,1,Sé,0.0
2023-11-01,1,Tucuruvi ,0.0
2023-11-01,1,São Joaquim ,0.0
2023-11-01,1,Paraíso,0.0
2023-11-01,1,Vergueiro ,0.0
2023-11-01,1,Jabaquara,0.0
2023-11-01,1,Conceição ,0.0
2023-11-01,1,São Judas ,0.0
2023-11-01,1,Parada Inglesa ,0.0
2023-11-01,1,Praça da Árvore ,0.0
2023-11-01,1,Santa Cruz,0.0
2023-11-01,1,Vila Mariana ,0.0
2023-11-01,1,Ana Rosa,0.0
2023-11-01,1,Saúde ,0.0
2023-12-01,1,Tucuruvi ,0.0
2023-12-01,1,Parada Inglesa ,0.0
2023-12-01,1,Jardim São Paulo-Ayrton Senna,0.0
2023-12-01,1,Santana ,0.0
2023-12-01,1,Carandiru ,0.0
2023-12-01,1,Portuguesa-Tietê ,0.0
2023-12-01,1,Armênia ,0.0
2023-12-01,1,Tiradentes ,0.0
2023-12-01,1,Luz,0.0
2023-12-01,1,São Bento,0.0
2023-12-01,1,São Joaquim ,0.0
2023-12-01,1,Japão-Liberdade ,0.0
2023-12-01,1,Vergueiro ,0.0
2023-12-01,1,Paraíso,0.0
2023-12-01,1,Vila Mariana ,0.0
2023-12-01,1,Santa Cruz,0.0
2023-12-01,1,Praça da Árvore ,0.0
2023-12-01,1,Saúde ,0.0
2023-12-01,1,São Judas ,0.0
2023-12-01,1,Conceição ,0.0
2023-12-01,1,Jabaquara,0.0
2023-12-01,1,Sé,0.0
2023-12-01,1,Ana Rosa,0.0
